{
  "pastEvents": [
    { "event": "Denver Meetup", "city": "Denver", "country": "USA", "coords": [39.7392, -104.9903], "date": "2023-06-20", "status": "Past", "link": "https://x.com/EspressoSys" },
    { "event": "SF Summit", "city": "San Francisco", "country": "USA", "coords": [37.7749, -122.4194], "date": "2023-09-12", "status": "Past", "link": "https://x.com/EspressoSys" },
    { "event": "NY Conference", "city": "New York", "country": "USA", "coords": [40.7128, -74.0060], "date": "2024-02-15", "status": "Past", "link": "https://x.com/EspressoSys" },
    { "event": "Cannes Forum", "city": "Cannes", "country": "France", "coords": [43.5528, 7.0174], "date": "2023-05-10", "status": "Past", "link": "https://x.com/EspressoSys" },
    { "event": "Bangkok Talk", "city": "Bangkok", "country": "Thailand", "coords": [13.7563, 100.5018], "date": "2024-04-18", "status": "Past", "link": "https://x.com/EspressoSys" },
    { "event": "Brussels Meetup", "city": "Brussels", "country": "Belgium", "coords": [50.8503, 4.3517], "date": "2024-03-02", "status": "Past", "link": "https://x.com/EspressoSys" },
    { "event": "Berlin Workshop", "city": "Berlin", "country": "Germany", "coords": [52.5200, 13.4050], "date": "2024-07-23", "status": "Past", "link": "https://x.com/EspressoSys" }
  ],
  "upcomingEvents": [
    { "event": "Seoul Gathering", "city": "Seoul", "country": "Korea", "coords": [37.5665, 126.9780], "date": "2025-11-10", "status": "Upcoming", "link": "https://x.com/EspressoSys" },
    { "event": "Buenos Aires Con", "city": "Buenos Aires", "country": "Argentina", "coords": [-34.6037, -58.3816], "date": "2025-12-05", "status": "Upcoming", "link": "https://x.com/EspressoSys" }
  ]
}